load,temp_min,temp_max,precip,month,holiday
1047.6210281520143,13.392901056009052,20.421008066607662,3.039954480650077,0,0
964.560909286417,9.221736793505553,15.434960676552297,2.96115973253512,0,0
987.7086966392377,9.181312686351824,17.909851770043886,1.7405489889438257,0,0
1005.892191420046,12.532640600881424,22.394612806494145,1.4863101491926667,0,0
961.227515679388,12.571722420341557,21.181742883939894,2.8815763944761996,0,0
996.0562866889783,12.39359545016321,17.888258485536937,1.8298426563101255,0,0
999.1226901062211,4.488068557516894,13.620375024512803,1.4848652648535001,0,0
932.1484758280667,8.598956858846956,18.589305187589098,0.0,0,0
1046.2164992069274,2.3907393493831623,8.628477780567305,0.0,0,0
1032.6955283563525,10.225401274336454,18.61654033466637,1.6228472777044516,0,0
986.8156069939956,8.740886215074628,20.53617319511274,1.474887393681624,0,0
1008.1188773239551,8.598545308009705,19.388128053319576,2.9260800780421516,0,0
1038.3307849442215,8.08377450992567,16.275064906849508,3.7899835155406336,0,0
1010.7916157330839,10.831370698159954,17.64489556812601,2.4484154443543678,0,0
1014.6511347341693,7.504404455647343,13.626244692030223,2.6074365019426162,0,0
969.333936621282,10.023401996881914,15.34424292030066,2.5164486565154442,0,0
1052.7356808318143,8.93153077629126,15.572256467269153,4.585086669163113,0,0
1038.5820741299913,8.405772203023883,16.824307017011105,3.013008762356659,0,0
1047.6642173885305,8.485821193630901,16.9754495948438,2.4571334804190785,0,0
978.6675578298322,7.651255680837364,13.859702874509967,1.9770459923233914,0,0
1108.7821095743993,5.112365721761179,13.293112232532462,3.1559155238496954,0,0
1051.935123410001,8.60303016988076,16.690523905437423,0.28135740861814984,0,0
1033.2648199888656,8.468860438899789,19.135331965261354,1.2471837488683948,0,0
1132.8823019542936,6.626924135219509,18.07604760866422,0.4542976915341279,0,0
1052.8523968626494,8.249516358090265,19.95052195504607,0.7674583111271223,0,0
999.5677005043541,8.46030912746923,16.869606557236843,4.526076616920993,0,0
1044.29049244197,3.9747341693769536,14.931662772856626,3.8057042563686085,0,0
971.8486774344051,6.129894270358531,15.471316337749784,4.032774127429584,0,0
1108.2149107362434,5.405100648668473,11.117071779077364,2.516163618749392,0,0
1052.4131184800412,4.359809104208738,9.869854510840707,0.9724251911910033,0,0
1042.1774580206131,6.694424407372699,15.930042052240077,1.1580508624726407,1,0
1117.5595751563985,4.244277224272019,14.015900179261447,0.0,1,0
1011.3717857495656,4.943910735475914,14.505368991302909,0.0,1,0
1101.5581051299375,6.186756317035385,14.574186301024492,2.390877798293326,1,0
1000.2617642453246,6.28021772199516,15.428945419781066,0.9187994666935493,1,0
1059.019942545729,6.109478334963763,15.751093845094948,1.2441449357276946,1,0
1039.9752553976948,9.821414269908821,19.746091942767226,4.015011022057983,1,0
1149.2298287414785,4.234812133616141,10.242495559714943,3.0004277950222917,1,0
1163.9722717378959,5.632557373590808,13.964811654221068,2.623920080850996,1,0
1082.6918646428337,2.6119380230514055,9.92974425494615,0.13742993034081996,1,0
1132.0071438459734,5.879253268855151,14.263997797384892,2.527980047208163,1,0
1093.6538649362024,7.117870747942755,14.8717370521657,0.6496444771920682,1,0
1126.0167067767293,7.134643250368084,12.64481210528665,0.5492776591947661,1,0
1075.5863635330713,3.3328276958494056,13.862495067759646,0.0,1,0
1039.7359299735779,3.944649378247081,12.598412636027756,1.3653354038406724,1,0
1038.278552530107,6.92910985003525,18.05177453423286,5.009542305709189,1,0
1128.0230660810198,4.120004336265326,9.42225935622206,0.0,1,1
1204.8597290055723,6.128196506101294,11.803085864910571,1.2910195555990338,1,0
1127.9515293538327,2.1718194152996158,8.054501804466092,1.1241442567454132,1,0
1098.370791009346,6.790962258044788,17.882134340674988,3.3973983206319063,1,0
1197.9758000194188,5.988049291202747,14.535680919365364,1.2326068663094234,1,0
1133.0867427045964,4.772772429446483,15.026837397756378,2.2585966445127115,1,0
1129.7106126012043,2.1605613708128457,7.70094853027116,1.6374442027085376,1,0
1137.7733276384326,3.3530137889199074,13.576127081630714,0.044299987194200474,1,0
1124.3499079687679,3.8916332101437385,9.4342861791623,1.6987453608674188,1,0
1119.19797699777,4.034511654551505,15.406943932916525,0.6283104643564441,1,0
1076.0672409530123,3.218629806675431,11.803704956127728,2.387569275782258,1,0
1155.375677673087,2.913759503744238,14.629464199622639,3.5241281732447165,1,0
1133.3202949966103,3.65996405833802,13.105540637316292,0.8409535805988022,1,0
1186.5905133687156,5.992583217626105,15.20399457763953,2.156320488707466,1,0
1125.8247737517306,-0.8858738545456042,5.281219955920466,0.5225847286161858,2,0
1065.9873487101088,0.3166039649404686,9.741190674368262,1.4395358468635329,2,0
1139.8760816501692,-0.09688033178186606,10.18060749600724,1.6102071116152583,2,0
1213.4136436596727,1.5535046840775533,10.826149638974146,3.3772423393006643,2,0
1131.6197174454583,-0.6163710981434143,9.208560851706114,3.8607889464990075,2,0
1112.8392820965737,3.909192698363907,15.098313199722764,1.9982689911849898,2,0
1102.1188094141469,2.935330415251078,12.812310706155271,1.1052547877476597,2,0
1109.2423654303452,2.1794215627089386,11.677957804847395,2.1341411746649483,2,0
1140.5670823169876,1.2691433788116526,9.961880065903319,3.556984777640272,2,0
1106.6582193059273,2.8933819882262277,11.081040359385904,4.316639513037013,2,0
1214.9962658120298,2.885801489557948,12.875168379006361,0.0,2,0
1144.968680986526,3.1416774819210644,13.938046808408647,0.4205075098879907,2,0
1161.7532845966748,0.9771991723786282,11.076444962900286,3.793145523660757,2,0
1216.0197537624776,3.69017429543514,9.391206138588865,2.820655362181392,2,0
1219.6550096032195,-0.5869848155284334,6.207132750815072,4.960569630221071,2,0
1151.9940424163117,4.809834184500101,14.10646572731748,2.0359948217020563,2,0
1174.7121573974136,-3.8793612309672696,5.091976848827034,1.0198767866728902,2,0
1191.7125693083656,1.0521850470908416,12.47522892742541,1.8845574008956647,2,0
1155.4238635170445,-0.19738770367783154,11.686022680355793,3.639960870746171,2,0
1092.792187352678,3.7567013396963107,15.02745066719708,0.6490225311942739,2,0
1190.823392797014,-0.8207574061961478,8.41999352072472,3.249876657532057,2,0
1201.079379208198,5.767896711794997,15.803877279379888,3.8130186594987316,2,0
1182.543004202838,-0.9879678320855225,9.95291313667494,2.97501783328297,2,0
1129.546062847195,6.137459890681235,12.161529585321908,0.7258699383785845,2,0
1159.1589052029092,2.958235588944544,10.14776789529651,3.8109234594744144,2,0
1143.828430486386,2.107695071115132,7.28285802833418,1.5205281392708634,2,0
1155.876969813379,2.9042203011849983,12.272196467838093,2.3272743402992564,2,0
1220.0939028685348,6.406557505880912,17.84183665361205,2.2002998005216563,2,0
1229.7015611437278,3.798676734721643,8.832044128245808,4.436093705417498,2,0
1195.5417297595295,-2.460761737182673,3.423162027219117,1.0800345454307612,2,0
1190.9081351475136,4.390301101357016,10.791013338241546,2.674301869024783,3,0
1196.1634927347498,2.4636274707163377,12.918421290391043,2.6141682193949354,3,0
1168.6953110935951,-1.2333784613658105,6.356191259540236,2.5903890498582864,3,0
1166.1917920642416,3.5245952985816733,9.910903260463718,0.8180059191382374,3,0
1142.252541310263,-0.4132529081969132,7.193391868404837,0.14181621438550485,3,0
1166.8903909537676,2.379048913647168,9.173145040691539,2.302178274029527,3,0
1259.396481780801,2.4932146581743564,9.246468539128626,4.300377867585636,3,0
1203.5805291682786,0.7423616812480416,9.703245648981817,1.7862132723407975,3,0
1154.9015519310599,3.349075628476116,13.041871138544098,3.861361124597215,3,1
1149.4234654334812,0.027883831555374883,6.773419285769039,1.085846812528075,3,0
1133.3823665783914,2.4729436367349202,11.322273472636065,2.7181157144708767,3,0
1182.5454809829923,1.0177844408262926,6.226277804749101,2.541339031432978,3,0
1182.7886070965,1.7712563328206472,13.578116395136826,1.211675510451591,3,0
1108.9055982161506,6.008872259965256,11.726386479224146,1.1044213003564471,3,0
1185.5353070034946,2.4160044806653613,11.328395766858684,1.0861839279956698,3,0
1142.7023845724912,0.04830949052833411,12.027579001600508,1.0819883929759337,3,0
1221.897647210285,2.022037398307189,9.27494775484782,0.27280030105342123,3,0
1170.3984580897143,0.7537087934148263,7.7635868324417086,3.914708530227432,3,0
1232.0784090441227,2.3832329607578093,12.551654496336255,2.1097914281477532,3,0
1144.23750767804,2.6944026019397356,10.954463248777984,2.8102048713770094,3,0
1150.1857297413596,2.583070320844893,9.449062324287489,0.0,3,0
1172.7893399010716,2.6255320031121454,11.635572777260695,2.36024069074732,3,0
1202.0765742997592,1.4160300271806578,12.20560366183291,0.8411301042482484,3,0
1181.4656071319323,3.4526141161894985,13.13674195326601,0.0,3,0
1108.4313722456545,4.7203892757535275,11.40102230517693,3.029376723366644,3,0
1163.9810807552815,1.418421991732072,11.093098782741624,2.2304186070771235,3,0
1156.3986229585812,2.598362369231359,14.107532357195367,0.0,3,0
1137.1413006762036,2.8945496508888695,9.274508852015163,1.0104556944219647,3,0
1127.1268606165893,5.340784224477753,14.903200665094547,0.6201651197898563,3,0
1221.6534076472547,5.054216220630604,13.55127486708571,0.0,3,0
1134.7867374607738,1.4998062159932875,11.143244259812727,0.0,4,0
1115.1702318825655,3.17105847932716,9.135114943792944,0.0,4,0
1173.0500963614818,0.10689841195753624,6.736830978046223,1.3450119242010348,4,0
1151.302909645459,1.2344415664964443,8.6677851883829,3.410437329685402,4,0
1141.5122756713147,3.268054212402835,14.145273247798166,5.114395383169484,4,0
1174.2186587373744,4.572471962969706,12.2627857979435,3.365837491745686,4,0
1160.8887724060112,5.297956980938783,12.659941583716943,1.3569100000093473,4,0
1154.1644492983085,2.846097670878646,13.037426467135287,0.6464157627605693,4,0
1176.5344097134264,0.8422721201990759,6.813356625477346,0.80578660382296,4,0
1147.5583724342625,4.424311595454266,11.664232543006758,2.034501490711414,4,0
1109.7400959505499,3.3687199990324697,12.224440974253913,0.0,4,0
1118.0878383092784,4.648847891675816,12.073428301272804,0.0,4,0
1109.8610568901254,4.2091394357729595,13.39464150326406,3.6049941704800856,4,0
1137.1689112348256,5.410121986176204,14.620688686775363,2.4382094612010863,4,0
1083.700566182719,5.379482480101338,11.36857173437415,0.8105275148033975,4,0
1051.5233210664246,5.850737549091839,11.784709066941405,4.765895695426289,4,0
1126.3080414456088,3.3402666749750676,13.830192460864453,1.2936759517144911,4,0
1067.2442278210642,6.346327297000664,14.267882679355859,1.2709256362691144,4,0
1040.511496897851,3.447692558751198,9.491702749285338,3.8098429041399613,4,0
1131.3724450585305,4.723688313763997,10.25853938171178,0.0,4,0
1085.8093677134946,8.376672029677382,16.30905215276331,4.302072193209098,4,0
1131.8731611871983,5.472354085574217,16.367317991002697,2.6451403331856342,4,0
1088.535698305596,2.5312997187114035,8.967101529128696,0.0,4,0
1062.598811099027,7.9507534724110345,19.91592935355761,1.4318648200580997,4,0
1055.4105274391584,7.077907657126982,12.223997376503101,0.5348470532792364,4,0
1082.1952424723377,7.467954655193822,16.622750139384586,3.7884120589586305,4,0
1089.4660331628138,5.692133166260503,15.586007389445179,1.888922757666311,4,0
1065.0406048621307,6.101470714024716,14.827378541193802,3.11312215705051,4,0
1084.281750721295,5.057278571372971,11.871439459648368,3.239137962334076,4,0
1031.599187088818,4.238211896745807,11.453341718831382,2.870451934253719,4,0
1091.1109664681992,8.814149712938416,17.69124183246057,0.2575950938945799,5,0
1016.2452807108383,5.13477946653977,16.40220516976776,1.3488298917167665,5,0
1077.6692737420703,5.028669121075396,12.966808575349475,1.962249623990763,5,0
1110.7208516707472,5.222828085516407,12.636655584793651,2.3613517319779547,5,1
1123.8862634710886,9.955410455451862,17.75804143737202,1.9667194443581728,5,0
1146.1384147062863,8.10901845574398,20.104324571234585,2.6051296691242714,5,0
1012.6418753091414,5.740025197319581,12.605417967785002,0.0,5,0
1102.5490692166993,6.5087523902937985,12.708406432944809,1.4800855848215468,5,0
1117.7353603514457,7.746053597588444,18.996120322547846,0.0,5,0
1105.9685291916828,8.608212763352597,14.486489370109403,3.8348348295183694,5,0
1026.8144811324642,3.7573558497209305,14.63341312919086,1.2428341181419205,5,0
1077.6803447759974,8.913857629271263,18.2906419574972,4.592478950798988,5,0
1132.812443169818,6.799048936039845,18.504786962863246,2.4079274325695503,5,0
995.7025811061517,5.992662404055356,13.217089170228267,1.884063267701896,5,0
1071.812775378739,6.714511462240391,17.704128763170758,3.5655992217664867,5,0
1094.3999268955915,9.210152221214921,14.822593781613072,4.221705491988977,5,0
1019.1778809095146,11.275019300838357,21.75140286854382,2.0479625488902107,5,0
1067.4786008224794,8.186515443862412,15.47671927188338,0.0,5,0
998.4282921667736,9.137630033130272,17.361677889585792,1.6203974175672071,5,0
1005.8666773842407,6.529505773947705,17.108914788046608,3.394293687265054,5,0
1002.7505549060094,9.27452186349086,18.718842676842968,1.6566730003549104,5,0
1040.1934281156005,10.071911224864225,18.279629210363183,1.0671795009384997,5,0
1025.9187347892905,5.585805237780987,12.63400916422784,0.0,5,0
1064.7698706378158,7.671723871668552,17.95969087939681,1.900474830000522,5,0
986.0326908760198,10.415203792849924,18.675986423618053,1.3051370600698413,5,0
1015.4236459377647,5.4522135419514335,12.164749446773842,1.1150423759676893,5,0
1056.1416798264454,8.358928051773066,16.103637310421753,1.644102485756758,5,0
1037.1477018564938,10.445100926295934,21.016806323480225,0.2578007667474491,5,0
958.743912838774,5.999786508269747,11.41015355636886,1.27419410702419,5,0
1035.346537324151,8.724986943196939,15.98065306809024,3.101135879785684,5,0
986.6072867486329,9.765498523244945,19.857234117710675,0.0,6,0
1018.1627807566699,11.574239903076327,20.86290446852543,2.27987202132991,6,0
1011.7764760408803,7.373671112028301,15.44995589393636,2.0307859033892375,6,0
1045.5234959187812,12.287876724639698,18.377891653965534,3.173590120116587,6,0
998.4150783485309,10.817897523911611,16.15106066089223,3.637638550847436,6,0
916.6037631988763,12.7378698216192,20.545368146845394,0.6742540574421976,6,0
932.9672213149896,12.8081469279536,22.62623371901226,0.8309554345283461,6,0
1014.0166091550723,11.300673281175394,18.175721803968955,0.7344425571960878,6,0
971.4507317033997,11.727790531218867,23.042201222439026,1.7300571629253123,6,0
1024.3205411218576,7.414377356070285,16.75091465752047,3.503138204307462,6,0
986.7628807757764,8.329705686723806,16.516383384449874,0.9868953143467105,6,0
942.8935151166015,9.155769930544622,19.438721594089195,3.8129441127608925,6,0
1013.1910080599957,10.606437856059115,17.704171147881517,4.497490568375019,6,0
934.6461073082323,13.304610690257235,24.562347592780803,1.6507714625061858,6,0
881.8934595061424,8.00655363642304,15.578970286343331,1.6076971804159166,6,0
1043.6180572633507,11.06825263378548,16.105133508798904,2.8532452832417614,6,0
881.715024253602,9.199982848935425,21.04981980050684,4.501619144505634,6,0
980.6925218726044,8.860772172192583,17.33334907303716,1.0767453336704986,6,0
989.8942820673057,15.063137874759134,26.388286557967806,3.541620857816093,6,0
955.3411129882047,12.438910498955252,18.202136408153212,3.0467873587319647,6,0
879.2558187852483,15.644007532087382,22.043346096452797,2.2807992473673666,6,0
984.3413300499868,14.873102676057522,23.259132940570836,4.482631071476283,6,0
883.244724534046,10.792475440749259,22.06038779834838,1.5137209478533178,6,0
884.3446411236494,9.055532761784585,14.699736639126618,4.360700874400925,6,0
920.8247959620431,17.033884981816513,25.803306166335847,1.6813713006476705,6,0
964.0527492279662,12.2116172254183,22.518388718363276,4.241534749474256,6,0
941.7583064310678,10.859626263960074,18.592499777833147,2.1375406456938624,6,0
959.446658844689,14.657187940801066,22.77444364658986,1.8271087689805396,6,0
906.5541855835985,13.672990543520786,25.20920243999481,2.2328415191705115,6,0
914.7192873546724,12.181350901573989,20.940588944084936,0.1849384037669517,6,0
873.4513236418694,12.955412811300707,22.78555744405363,3.1583277133900864,7,0
903.6166704897975,14.091926982836576,23.802667879501797,4.0743322422241235,7,0
937.3960387928316,14.038087109561705,25.318834949259127,2.5911574104939827,7,0
899.0833514207555,15.520956983769706,22.911172344882797,2.075443603523312,7,0
927.5271518097311,13.42156911044768,22.251809277589263,2.012763442422411,7,0
883.0376212688712,13.559536311598306,20.054717429548703,0.0,7,0
879.7610573510927,15.563185525075182,22.89282967078812,2.7940077277558433,7,0
902.5406787552716,15.102605269327638,25.8555576894534,3.6831059653625213,7,0
890.7257316648898,16.77869390097659,28.524738557709558,3.271327062919732,7,0
919.7940642914131,14.202466813465671,21.497957533107524,1.8359244894231497,7,0
900.8392782837524,14.616324344512112,24.94825392352302,1.9195486235233834,7,0
960.9626238223141,12.610284706088775,21.373631721035913,2.302828919501671,7,0
880.2429131923097,18.02851384346028,27.87665151504362,4.3638083105977135,7,0
877.6400456271665,12.348884546240166,19.91358571836175,0.0,7,0
842.8666131509568,15.645365757208696,23.11907536543677,0.4535603990147288,7,0
883.1596231383314,13.560590697643308,20.00425925812481,0.0,7,0
907.3739438410252,16.12094465765803,24.631109809542366,2.9365484831655886,7,0
848.2975535040897,17.03498450023447,22.425500811925808,1.2608636990630755,7,0
873.8080596703229,12.366088416358306,23.38834127117075,3.3365049885132154,7,0
902.4604259455203,15.319527606782978,22.027631217114703,1.8200085294521453,7,0
866.6032743040046,12.323042194110796,21.759339382911477,1.978452276737392,7,0
848.9145460013237,18.738337363463653,27.279623620189284,3.9941880126732325,7,0
906.6436970754467,15.135047415834674,22.566978835309275,3.2747304146277356,7,0
869.6808323199527,12.958047807139511,24.56484083076382,1.096924607210509,7,0
879.7834527836479,14.795208890946284,25.737899232101682,4.270896331273272,7,0
908.9387640942522,18.90784260992265,29.055339855542343,2.455019951347849,7,0
906.0997212579146,19.344571888602026,25.172987052981625,2.3665614198871214,7,0
844.6454423632691,18.99306688015122,27.22955588868409,1.4218071099141731,7,0
835.8059619608184,14.963598572133424,24.521134292473025,0.0,7,0
866.5286015629815,16.306275454000584,21.973957886400477,0.47196179975292885,7,0
848.2219122950935,19.956904295793606,29.827527440138795,0.6789317732821176,8,0
775.9607169051546,15.2988214341274,26.01384758553356,2.260010859676019,8,0
901.4364788316667,16.165178965731418,27.809571553196697,3.874879902464376,8,0
849.7088700509862,14.997433627472166,23.51178516081513,2.023344430090402,8,0
876.9479812982607,14.645503916480587,19.846572667346614,2.2322289304463547,8,0
799.1811407135568,19.452539341099033,25.908763487229304,0.0,8,0
896.2778242770271,18.365819704670105,29.002649878931972,1.1885508596139056,8,0
819.9184154252242,18.065969949629853,24.10459176202196,2.3147869109153545,8,0
837.8892726426236,18.386161061124433,27.74226385408651,0.6731767506158652,8,0
784.934179793946,19.327467755713354,28.89989565096364,0.0,8,0
833.1569578400457,20.36139494536897,28.473178655341822,2.3704088502712843,8,0
829.5355126976124,17.379931360750444,27.876206431145746,2.7874122515706428,8,0
830.2552708470951,16.764105287958376,22.624166108741647,0.0,8,0
854.201547377055,15.447415139536226,24.788000988130836,2.9529932290680283,8,0
838.1168281044644,19.706702687997304,27.37008010306132,1.3879267539695923,8,0
873.8262206016124,16.55696834422989,27.559707541483544,2.790398053519649,8,0
815.2110931804643,14.640240191960515,22.414227279499546,0.8594360173175004,8,0
793.2901565937121,17.13215377512754,23.454161353266997,3.3564150591421047,8,0
831.6110455936507,17.75644986925541,25.167760957760564,2.455565342224198,8,0
856.8059205078197,19.408518385416368,28.083316032044188,0.23441188973993654,8,0
880.8043955254819,19.78443851502315,25.345537792944278,3.5427363900546047,8,0
862.9749583087313,16.34608466560023,27.39241113556641,0.0,8,0
759.2519087974788,16.236478640266757,25.794992754543536,1.1977603938147443,8,0
844.4555549660118,17.207143239543516,24.396345500548755,5.530060093604003,8,0
887.3442039233599,15.46474701312426,24.72141463745765,4.588759435579193,8,0
831.041088412046,17.690033893052966,29.576055428123883,1.9672073021561005,8,1
807.5577684754971,18.851306826758996,28.07094900439001,2.8582687135702236,8,0
840.2802012395839,18.031905910043093,25.87572835669922,0.6415195426903852,8,0
807.5513646330306,14.734170756281511,24.50428751181304,4.514729739383778,8,0
853.0659243204115,15.589126394247423,25.882960204782957,0.7057488284452342,8,0
826.8551321859247,20.555076191516758,30.36165464047563,2.8645765172101716,9,0
883.0216563945542,15.964343693747875,22.441878944220832,3.089917437806448,9,0
847.261779415913,19.47332426028677,24.619820466787342,1.9614044264603685,9,0
798.3596139783206,19.263271196357604,26.481473270606593,1.402499205845538,9,0
851.5869182028244,17.355826486115784,25.39876783633112,1.8822227899881183,9,0
864.9821376528641,16.0042186138316,26.82349589220979,2.515617717799342,9,0
804.9967637850664,18.41484927312199,24.033266954053065,2.788934586224113,9,0
810.9498480921932,16.2152396665105,27.12068138967043,0.0,9,0
736.0741738964837,17.627016059803662,23.043392886790233,2.3610611403064925,9,0
864.7708202521251,18.17942887588285,25.37684769816441,1.586228918335343,9,0
805.5306014010969,16.5199943049846,24.348242081941336,2.362491315871367,9,0
744.6060234234645,17.48399129864966,29.005890631383267,3.2750538926909236,9,0
759.2612828810888,17.30262945997179,28.946003264278204,1.6849832574112948,9,0
821.6590941112624,15.427811403120636,20.712605909910906,2.4056266052914923,9,0
861.6211118018676,17.494630026855965,23.866255757700607,1.4561605535302962,9,0
828.3022505987093,16.575958017312516,24.71347977103045,3.1411169329687465,9,0
851.458408894053,14.174430485638663,21.081286891202858,3.2325606370562605,9,0
789.3019329999614,17.11733089373239,28.790871333042563,2.0337137450410845,9,0
780.5338689838295,17.19461468658809,26.479807645359685,4.13713541550994,9,0
870.4956434887849,16.516129981845502,23.802020666023417,2.03209172338888,9,0
855.6824172699786,13.56567079896287,22.763663208591897,1.969663623025314,9,0
835.7573772158007,19.20202707382792,28.923111287701364,4.253025633122177,9,0
889.2935320675813,18.975589130350407,29.97192635252706,3.1025718479167455,9,0
801.045031939605,18.865769814042363,30.078467675882223,0.17378692029929654,9,0
823.4152566981644,18.16852040650995,26.11716334642812,0.0,9,0
882.464152044384,14.956996619028837,25.265574557413363,5.241793078418818,9,0
916.1542726436696,17.666113033555565,29.480601144760122,5.067918535341088,9,0
844.2621922096671,15.512538274756059,24.24899679717658,0.0,9,0
912.4377384306931,21.688058757363045,31.809374916872308,1.204763448864236,9,0
822.537089097793,16.214881693931623,24.636913931460388,0.0,9,0
861.2564373877053,18.532215119195108,26.210750408441534,2.311711680451411,10,0
842.5904143166088,14.030868262925415,20.454537182594784,1.9264901716221614,10,0
787.5379099545788,14.713288409114693,20.3516418836009,2.3187175945003133,10,0
862.9584064757505,15.934171026373864,23.20565630789538,2.686124905473922,10,0
891.567843873408,18.344692899958325,25.82770160573364,3.4718560461968844,10,0
849.991806552707,17.965398874835287,26.955277814809513,0.0,10,0
854.814718514787,17.37485759666645,27.068499726433526,0.0,10,0
915.1057796629667,13.016957514452352,22.99242426592874,1.4480774011290032,10,0
811.200744446138,18.91214880283715,29.296221575918956,2.6079507881926833,10,0
803.1306876684743,14.719443694176846,23.725356577824375,2.788465878975892,10,0
838.7614035954689,19.723119737431723,28.30819085099555,0.7121339361058201,10,0
818.9900926857263,20.143236871155214,29.42519273832818,4.143777447440741,10,0
922.6813528421636,17.979924383621768,27.897634675569048,0.0,10,0
883.234311508641,18.219207971304765,29.138144677030915,0.22554086197248124,10,0
838.341606993912,13.63272500689783,20.395872183877472,3.6665200112281697,10,0
850.4257879346485,21.228495007394294,32.24174013089542,3.3265809321551822,10,0
991.5877118435304,16.411482847038766,22.797284701186967,2.430431861205506,10,1
854.9213340227475,17.882903782553846,23.004732062822193,3.9878840212641506,10,0
851.0630864046834,14.072806360089771,24.64955078937607,3.4076377880705335,10,0
895.9740947864356,15.56324482229883,22.178439330779963,1.0517719761239535,10,0
911.6275995176834,13.221953133087094,24.09168878273796,2.599540678075318,10,0
897.2977754427187,15.016708302355623,22.513892165768333,2.158158321923848,10,0
854.4551139511344,15.42648745141666,22.89645086098829,0.3892082413345572,10,0
846.8382859138339,15.804708092311362,26.89277298859954,1.3918026835742046,10,0
919.4923011436346,17.98073035418373,28.29279755694629,2.530589807723074,10,0
895.9545783988661,16.045137998959177,21.453446885858348,0.3438638278853017,10,0
834.974266471099,15.463834561524376,27.073896051086646,0.36928170984943653,10,0
950.0142031126402,14.944899751055116,21.403508839487916,3.2563872525361024,10,0
936.7623567674822,18.778617636599478,28.444706816997414,2.086121547466268,10,0
898.7177821340904,13.488267963896522,25.072030181944797,1.2589139339646367,10,0
900.5831269605237,16.910025916326,27.806580308581758,0.32223856973347953,11,0
922.9200351655286,10.49694676453036,18.914968990763462,0.3583159290984921,11,0
888.8786993874954,12.548451160788654,24.17837863852695,3.434730282063798,11,0
865.1526922678039,15.008326076560937,24.808459430165303,3.040289373259921,11,0
934.7399403729729,13.747277950839942,20.496894230942193,1.0915619422959206,11,0
867.0569381226738,19.964874381582682,31.71468175547114,1.5042736676098534,11,0
943.0569809107205,18.98878258769245,27.959348353867817,0.746463323968446,11,0
872.6126524834492,10.670126147722616,17.92644052576795,0.7496305045854672,11,0
929.1503492750138,11.44418136267234,19.4859374274818,0.0,11,0
930.5746117987148,13.178113597407913,19.53590929682697,2.089644820464518,11,0
1010.2103219154252,16.81805383331861,25.832770821282438,1.6872649842720215,11,0
899.2568295595679,15.485445107121526,24.452162172166684,2.0689311487286344,11,0
888.1827541258579,13.740064485445844,19.85747167261352,0.7242532598251321,11,0
921.9024900487661,10.129079464158883,18.032830561129202,2.861239873831267,11,0
905.7890009500901,11.141015885552761,18.00504985957042,3.537322658715947,11,0
930.155379429769,7.3329396633033115,18.601884710178982,0.0,11,1
973.60350004636,9.500569024880647,15.864442808226265,1.0965780848755047,11,0
990.693276721962,13.296817894064823,22.55531829387143,0.4112194613719411,11,1
1029.2556131201732,13.89210010459699,23.37309650615139,1.4206459064775254,11,0
936.4805647806703,9.574229502536314,18.800067994205065,0.0,11,0
1074.5779589591061,12.266080490950921,19.87780516550104,2.9194200907867898,11,0
1051.4263153383108,15.169749697573387,21.882039373236942,1.8518489810539873,11,0
967.1130556572392,12.110370845623109,17.168183227946834,1.872262483206354,11,0
886.7243908598563,11.036940227869058,17.46971690902813,2.9203469192957563,11,0
978.1946999928317,12.73881234961532,23.437334651295945,3.276977674433086,11,0
987.5675413927352,12.435218271626013,19.381222725250762,1.5460283542727926,11,0
895.8544571640614,11.405622727209607,20.143460077919737,2.9819500270977914,11,0
993.94309532261,10.037427649296166,17.12010405463232,2.5094365079815417,11,0
986.1563814050478,10.123051658070482,15.572746635670972,1.4720074142951676,11,0
965.913243081474,11.015689720534017,18.965901070126783,1.9151862125930152,11,0
1025.5915041404785,9.599414712705403,21.545883107184476,0.5760730169382733,0,0
1043.9294983806717,13.226995102759123,21.039013833496558,1.0404523659093439,0,0
987.4613708971865,12.209277927080166,19.54442587956502,3.962793563905691,0,0
1019.2833003297449,12.461135031835907,21.472012915271684,4.631607269074844,0,0
987.1099212087511,14.20355180668301,21.71348569721914,2.2238451657637497,0,0
985.0357790724557,13.168769866679472,19.821113317732024,1.7105366462834666,0,0
1022.8782729308499,12.709083485042042,20.381080259107307,0.7704104322722891,0,0
1043.8327524548797,10.476854922068963,21.778464178775476,4.591407300149031,0,0
1003.5598257513318,9.211085928234253,15.20999217090196,0.028221134092566214,0,0
940.737646358481,14.060998490905867,19.978532008749,0.0,0,0
1055.9050574801088,7.9740914549201465,18.252990271721686,1.7865048007299749,0,0
971.7959930098128,7.945266013163474,14.25876633528528,4.994149037066244,0,0
1043.7173930112353,7.308385845541758,13.224514938277979,2.3763350649408546,0,0
1113.1712282293652,9.34152139838738,16.045315724343826,3.1848366243530393,0,0
1044.5024059073683,9.610860301751048,20.789450426980785,3.8606293782552132,0,0
1000.7427657663229,10.697869382532057,22.279877492600257,1.0750548572432739,0,0
993.0336459070536,8.052660996062144,19.581681897966106,0.06874245756687247,0,0
1101.4372709901183,4.899193043612381,12.096238416777581,2.494227188723777,0,0
1057.0679325202566,8.869933982846824,20.210294380826696,3.085904208275243,0,0
1082.4506375587528,10.04677093109117,15.490119285861088,2.4491106964829616,0,0
1101.0156650386323,8.028915102283557,16.401899214796103,5.552253069690965,0,0
1065.0923766025956,7.565558139382559,16.430617844481798,0.2634800012165448,0,0
1057.7826683730145,8.825361833344525,16.97069607386239,1.529649456040239,0,0
1035.291912550797,10.434069447405378,22.283478933612145,0.9809230857756306,0,0
952.928348475919,7.305694715637475,17.58489619018018,3.134359882938786,0,0
1018.5341021684831,4.467506995428613,12.809979882179507,2.456145826550122,0,0
1079.4779617214776,6.049659287848982,16.178340404767088,2.177516647912797,0,0
1078.2399370684432,6.718298191851229,17.055893594491884,2.5788916130826065,0,0
1104.3618080460706,3.3201980078109865,9.105682824051058,1.8846573969558842,0,0
1086.1003645287565,8.333935407137314,15.590580205878485,1.1304230819653367,0,0
1100.4691489693687,5.134046653110035,12.426754721502446,1.544301979494509,1,0
1128.5115583247068,7.559913266135522,19.162738465549527,2.940539247690574,1,0
1064.4794839700844,6.809184315048896,17.783961708387427,2.4787888620196816,1,0
1091.2527327963544,5.674690057904085,12.77867655694037,2.8193137869128315,1,0
1041.2835779483237,9.43116599164018,21.348205554816275,2.7832336719557427,1,0
1147.2953105485212,4.931401414923811,10.439121398965128,0.8019783062109627,1,0
1112.6974867307865,4.589728471877048,11.927787342605988,1.4633654620167256,1,0
1133.5076948110761,6.402293487348384,12.810952624043793,1.199695566112396,1,0
1178.340256887652,7.378213281332377,16.023083926305958,2.4710941025990762,1,0
1162.5201901883286,5.579674404470932,16.91368729522952,2.7392169292682746,1,0
1119.6062584116537,3.5047478180100233,14.019784957370415,3.415454854308267,1,0
1156.1514628862067,6.739003732010524,11.999884294879273,4.461423226287894,1,0
1069.982639068166,6.452356915628795,13.191114672265812,2.9203270378772936,1,1
1147.1822144742978,9.284249276348241,19.727572799613633,1.3673030899111915,1,0
1137.9248177179752,4.584440322756315,11.545727937255904,0.8356004534595469,1,0
1070.1470537924135,5.345373086247935,16.071467148975078,2.0446471073992636,1,0
1190.846122103797,3.6787420257350956,13.037046752038517,1.4031409321343946,1,0
1111.6311442333388,1.732742529374761,11.613095630997252,0.0,1,0
1169.5290001788178,4.7561136987674795,14.755676630418357,3.601921837606729,1,0
1127.7721008366484,6.206167520079006,15.244072422411183,1.9555746062194035,1,0
1186.6442144671407,2.3791980027837782,8.6702678584984,1.4534294281175737,1,0
1201.6886625507032,2.9581621926151787,13.639918534174573,0.0,1,0
1118.2539477704386,1.861096182135625,10.807326444761358,2.451239541528131,1,0
1092.4591163783439,6.799606584804346,16.851197467292195,4.060573400444682,1,0
1150.5985738008753,2.7590950481994785,7.94264093807811,4.122051637144373,1,0
1191.9517110072325,5.0940528721301135,11.365219467525481,3.293687585388617,1,0
1145.2421823347593,2.1158738884333133,11.073128045393226,0.7582856707300349,1,0
1137.612309834482,3.9088048389932726,14.51811247633301,2.2129723620161164,1,0
1183.701508460859,2.421937276343751,9.951445496206563,2.224608602492182,1,0
1055.6842971486262,-1.1058408566586637,9.153078400283075,1.804622878724206,1,0
1141.4884076819762,3.6634611060568605,8.674038803788843,3.2448731751961617,2,0
1114.6139275342623,4.483770849527964,9.796240948255118,0.8635234330072163,2,0
1183.603260899667,-0.8169371322585102,9.002665363873565,5.722171242153296,2,0
1144.1613413820362,2.9261490718105914,14.837408200232973,4.501250342420894,2,0
1130.760370150114,2.336443975130941,9.546692296171353,0.08502012652868629,2,0
1162.92426553319,0.9734289416073927,8.326550675681409,3.6454135216791523,2,0
1120.005806967505,2.557740379379804,9.938694501531547,1.9478407386791476,2,0
1179.8355571901923,-0.8864541651150541,8.172573381990851,4.216745459053357,2,1
1154.6372577645825,3.428686535451002,11.190027320618354,0.3588583218075603,2,0
1168.3598808916752,5.236213820696271,12.785228495703512,0.6788656935193318,2,0
1156.248032682563,0.2796162040642942,10.650174091943438,3.0196836524266,2,0
1222.8530023385733,2.613052405214777,7.626333669544229,6.292084097081741,2,0
1183.38889059952,5.537643949775559,16.632238272564415,1.5377681462605344,2,0
1210.0553050953638,2.8770238126481074,13.064503654398955,2.1041587628874687,2,0
1209.548916944702,1.5425099318963538,13.239677852512798,2.3525811172053404,2,0
1159.3446630466758,0.7081553734022716,11.596172916075,1.0093687830522622,2,0
1215.5730243677183,2.8368861532338876,13.39291667721271,3.0977369060242825,2,0
1207.8716887065746,2.169915024579705,9.220034918146155,2.4873333707424377,2,0
1207.5361156602125,3.6546950553887543,14.1201983651012,4.132562563816149,2,0
1180.0745375223632,-0.6904556994742914,8.490849152055613,3.018611627912951,2,0
1179.9295974684926,4.465054037039128,11.91110646176472,0.0,2,0
1229.355268039398,1.4669160683401044,12.13638947439286,3.9959827149869507,2,0
1286.089888621219,3.524670152375136,11.95132291713837,2.908046779843395,2,0
1166.4329956530241,0.7622998751395114,12.652660013908825,1.9127441628815203,2,0
1221.7906297799782,-0.4187408965776598,9.633061693194197,0.0,2,0
1186.4850635191674,1.0155139318145827,12.174220095833052,2.5383390002187367,2,0
1233.1995509874528,0.2154699640305724,11.525223892883972,1.5793883300121307,2,0
1219.9554319248427,1.3518593106729848,10.446737873134357,0.8428561109285424,2,0
1245.3928710925184,3.376315829309953,14.62476178272226,1.1985650756878417,2,0
1091.7086072250447,4.219771712603736,13.401968533113374,2.854523563594893,2,0
1179.9159161082546,2.453442238817698,11.033907032337424,1.0449888581780569,3,0
1164.8380105758972,0.9516193052979662,12.917036705505284,3.0804859079551283,3,0
1200.3989883062927,1.118751382925304,10.991260422633209,3.048925183605983,3,0
1176.0637445659331,3.1969765538179464,13.031214763629382,3.4112237226526467,3,0
1179.6259797215512,4.2785057142925265,16.196727810055766,0.5684226546038318,3,0
1232.7327231600466,1.3557089962635547,10.759084283154383,0.11863891410883198,3,0
1281.6754589285076,1.7490395415240174,6.768947197656552,3.5846814099829727,3,0
1092.7317759033972,0.4974376712169397,10.23126723769382,0.0,3,0
1193.3003302594536,2.417279943120384,11.818916779714563,2.1516380640166304,3,1
1218.1805004814084,3.922662679550706,14.01695873138735,3.3342843932342507,3,0
1205.8144129379245,-3.794799262530729,8.028197549294001,0.0,3,0
1191.6931989057548,2.537674108604751,12.697154315247928,0.0,3,0
1151.180253841842,0.9377645604937819,12.898822572182358,2.7757205895073223,3,0
1167.379338602428,-2.601822386597786,7.91390705553913,0.5181095342742505,3,0
1233.7998104470007,2.6984056021473,14.558265217763683,3.4552421168120935,3,0
1247.4924646540794,1.9115588578434308,9.958281005725782,1.9848254105826968,3,0
1207.9376503200613,2.85110425050003,9.574642195281616,2.909655835384955,3,0
1170.1798845544822,-0.595462781108242,8.263438731345502,2.0319666120776545,3,0
1206.9589032788483,6.437375103869062,17.655919350529707,3.0941538415895344,3,0
1192.9803079929193,2.4132439286622103,13.430723770032222,0.0,3,0
1223.8054601959057,1.5368720842774273,11.226493969701915,2.787128443748683,3,0
1206.0607656517216,5.304854158527235,13.129966149651903,1.135608916173157,3,0
1175.7531181096406,3.596799403584656,10.523014130675277,3.3381334398134537,3,0
1207.4961296688755,3.9960098294030297,9.171941617664494,1.2708514612402024,3,0
1151.886392045772,4.696997032185568,12.619393700160098,0.0,3,0
1231.005561156494,-1.7300925022860136,6.792512733959973,3.3480662584644847,3,0
1244.5904148834625,5.796572411973423,17.671178127422458,3.1086263479581193,3,0
1149.1984795802746,1.8103259859336323,10.782887700015086,2.590364170958248,3,0
1212.1721861849442,3.125182793879006,12.175177050610262,2.789680372692588,3,0
1154.6218396585177,4.4513128214820075,12.711218736912535,2.498226974297787,3,0
1236.032427121858,1.2347218703531795,6.3365155074367525,0.9402803864642906,4,0
1228.1735781383197,3.350975289763117,10.357682788371697,1.8571603838023105,4,0
1181.5969186206587,4.298890667916721,13.900949373317461,2.942777699356482,4,0
1229.3484207100119,2.7495960177061307,12.706842963412694,2.3676226081909113,4,0
1171.0066718316632,3.884822771803224,15.538107794520457,4.555643055457107,4,0
1161.181803455158,-0.25195178058476086,8.11915458915768,0.0,4,0
1162.7583415841164,0.6421463606092077,10.460182176634902,0.32826888468616144,4,0
1178.4315509336238,0.7944906677725947,11.371016148069192,1.4407889535177925,4,0
1169.6415256092087,3.90761941838507,14.216221513711318,2.53218460400215,4,1
1187.2186297806543,10.723789846950359,16.604027754390252,1.0577499204962322,4,0
1154.8642445272658,3.8382528673923177,15.071593413480457,1.620598546435085,4,0
1208.4315999720825,3.093426114836531,13.364836133544193,3.1369902391562605,4,0
1217.015619292404,3.338699248111993,13.024764115071012,2.2701790545849625,4,0
1154.6319131932046,5.514730015311387,11.523003959768854,1.7012090013952754,4,0
1115.6259250689843,5.0583434306730926,16.66116193576601,3.2968124305802635,4,0
1199.8719033221473,1.421259565393799,11.180781466700594,0.8468438121476418,4,0
1214.6213920193409,5.834973439573344,12.16801142270181,0.014602610221286394,4,0
1160.6700145349048,3.8410283519998054,12.938747332999746,3.5924527673167006,4,0
1113.819346658075,5.616700921559644,11.654174762272348,0.0,4,0
1173.9903986612715,0.07222889399365062,5.457162790216724,2.3011729430697296,4,0
1222.307084895878,1.0541009932600223,11.035806954016422,1.522486443556628,4,0
1084.2287806204533,5.452270502284602,15.61330828717665,1.3514620556643542,4,0
1176.32207764566,0.7539528662890871,9.361497265430241,4.150171841745004,4,0
1142.545239294274,5.233284149720722,11.281422234850966,2.5518823403547044,4,0
1118.7122623306016,5.23010346867087,12.518514378270233,1.6133278287290445,4,0
1170.6794773321178,4.946865756725135,10.680108928103362,0.7326861572529799,4,0
1096.5749489392995,5.469768773323415,12.056977372790513,2.0022164666382465,4,0
1158.1476367575226,5.3945868813946465,10.855748021469577,0.9713546675903935,4,0
1196.5076645876236,5.864697322620382,15.50699274782224,2.6174374636684945,4,0
1148.7188019348578,4.265163977093171,14.713666687318138,5.381322246359429,4,0
1104.2394342399741,5.143236253996011,13.764544379391008,0.39373911238586645,5,0
1065.7289968450789,11.156466969098219,20.7806486438444,3.0045667985105826,5,0
1083.2006809305044,7.683608766211382,13.735846777615254,2.1849813521457384,5,0
1058.3771820380318,6.747572134215648,18.10382220056114,2.285964890068692,5,0
1193.5285761345303,6.422645674040466,15.581838227238162,1.6930897023478226,5,1
1117.0520286319045,4.299010170357479,10.170750721050169,0.0,5,0
1082.684669207043,6.325115769575156,15.06382382012263,2.08629004129334,5,0
1069.995177993102,5.496234178861041,13.707091027730307,3.4387357952928506,5,0
1076.6392746970685,8.001987753578156,19.078384201325143,3.7437187489714585,5,0
1103.274996509174,4.400487116187544,14.648396872695578,1.179089539842713,5,0
1062.7587802558583,1.6266610548711116,7.3068965693079635,1.3665099267276666,5,0
1178.4456849547055,5.355060206492296,14.891378260368999,1.7965250032537272,5,0
1078.8044855548776,7.993475506789006,13.366954281037344,0.5377077361579139,5,0
1074.6807568387553,11.642784114678717,20.11345200591798,4.57060103474484,5,0
1115.5565765843826,8.90204578673484,19.7529340488228,2.006190541325377,5,0
1158.510807984612,5.021197768655755,11.339411201427907,2.2234390413101592,5,0
1150.6675134670481,6.668199457364402,16.1991088937852,2.382773906417401,5,0
1075.397443200649,5.333217941971348,13.177167234213005,1.4822530169997523,5,0
1102.3106476983585,6.991229010486997,12.796665385609819,1.7509441661600504,5,0
1095.2310853478516,5.700544120082155,16.904493388236126,0.0,5,0
1107.604087129514,4.338212907880493,14.376234652790409,3.550207616945298,5,0
1093.7697068967389,8.647326494872221,15.516816448861125,3.5795168904250607,5,0
1042.9066533804746,8.282015587715067,14.687943077493259,3.455428961043186,5,0
1027.3563876445444,7.6823056436447414,15.18450618969916,2.497048787008046,5,0
1081.8812425259018,8.850024519698795,18.85215142404858,3.6278707525326905,5,0
1024.5922401027694,12.358463721090622,23.766994059480705,3.0015022547878343,5,0
1123.5300557054863,8.660746244699128,17.267605901421376,0.5531311422825991,5,0
1067.6551778974385,7.805044516012892,12.828292263965157,2.545659617544219,5,0
1022.0621598204433,10.42988927358086,15.525192287027775,3.118621312645337,5,0
1047.2784613646434,5.549892517911808,12.263974065832343,1.1533198898656025,5,0
1036.8823803580958,10.47728173852347,20.960127594146122,0.0,6,0
1048.9490284553337,7.557605763238959,13.734211281588447,2.6647275311453114,6,0
1089.0505689530794,7.6103098538282135,16.644048669346844,1.8540986700475592,6,0
990.4524489651212,9.600823548889895,14.804016808060425,0.0,6,0
970.5353205157742,12.86299359009508,20.1206018125606,1.6239276164042504,6,0
1055.7660400615628,8.16489936254505,17.786843323418978,0.7235212005575025,6,0
1032.156004547898,11.698421812762888,21.463808266025538,1.4664023753946207,6,0
1042.7782609634708,10.686788305534378,15.811910218310416,3.4771807244445343,6,1
1051.032602018183,7.2870324595625435,13.517737544121655,2.980964550391419,6,0
1023.0107456627286,12.039023447183393,18.65406354294254,2.037123545692308,6,0
1059.2435875389006,8.691759559132386,15.48499453618773,0.0,6,0
988.5415492760178,7.541335469633154,15.052054402588341,0.7264542980591846,6,0
1023.8455375084584,9.036191864310354,19.53735451227291,0.0,6,0
985.052904656901,9.302127558307168,15.027175501442715,0.0,6,0
970.1051519810496,12.077374511569328,18.690631899138367,2.6151334638679007,6,0
1036.9432844305493,9.56620658240688,17.958540678624637,1.2423460064815997,6,0
1032.118270232631,14.153341327962286,24.61346719007227,1.5207993234149493,6,0
928.7155344392623,11.744854164624833,22.140005038313877,2.212327912217793,6,0
958.562044905864,10.00103507036533,15.762624146194051,0.27402562381253737,6,0
1012.1782530378207,9.90446722266372,18.648911480809744,0.5754007346901153,6,0
1040.375517004554,12.163870414987887,21.708373060703526,5.5343286393409405,6,0
968.0065664896166,7.783185933370161,15.834038427319218,2.349222901675971,6,0
984.3836026982683,7.622693046544882,18.590486477786364,1.49961707618461,6,0
932.3063464240379,10.339718883715841,16.11019551494011,2.3245011228969563,6,0
1086.3909337882915,13.501172543501337,22.424940854957086,3.197424016340626,6,0
1002.0965397362922,12.73202575751027,22.74600187162506,0.8114447566646856,6,0
1016.0252569296832,12.548320094187407,24.41573768957314,1.4372344593253477,6,0
1003.7273080410524,12.207425466920373,17.27622793737393,3.1897696356991743,6,0
1011.9195300135976,8.409739559270289,18.475200554978016,1.4107987788417538,6,1
996.1148445810348,12.243321293104952,19.6294043959249,2.4664590132176363,6,0
955.6050645874427,9.47146049218865,19.68792354200331,1.084079768781913,7,0
996.0142796229609,14.81877161274661,23.50683519164177,1.1551957984615815,7,0
966.6815248240433,13.257352097669816,23.717691714104745,4.694963915251359,7,0
1012.6629812611288,13.220270370756433,19.37342555792081,0.36512062703174286,7,0
928.6847051328092,14.321825858015153,25.724520409609582,1.869172175747722,7,0
933.7863722747095,14.292834679255702,22.007007034732577,0.312112028368444,7,0
979.2374571947274,14.234117655233382,24.858567838165133,1.986435192745738,7,0
1001.3567300941648,14.586015999912801,21.635093782337936,3.1786498575463105,7,0
953.3829268308908,12.83176404852452,18.777106171088686,4.615932553552937,7,0
916.5076597263077,11.457645831979814,18.85885367832022,1.8662186591564196,7,0
937.7103564464045,14.928733255725813,24.65182126702408,0.0,7,0
920.0277579001404,17.254512701223476,28.693645437889323,4.828310670320308,7,0
1013.347435968881,16.499698845935306,24.97843930532274,1.7960019822072306,7,0
970.9693577629835,14.161772988677225,21.497769790665497,2.1941383266401684,7,0
983.176374611566,15.926604346305774,27.44959966290243,1.5233636362776943,7,0
942.2694583422087,13.932829690938789,24.115981981456734,1.7335266202006832,7,0
905.6438508363893,15.691285408919946,23.85664462097701,2.2032134262070486,7,0
972.4532391544205,13.81446081382591,23.383675145199508,0.0,7,0
989.3881329614104,15.41735339522531,22.200347180688986,3.4683903027045644,7,0
944.25022757515,19.246474435641268,27.731741998892726,0.6420462424280116,7,0
917.7784116877665,16.88941352500254,24.690896248803853,0.7219193542974898,7,0
959.7997375019324,18.443311552052158,25.163203220166814,0.010634394501878308,7,0
899.5647851122486,13.999311030530441,19.61867235353682,4.0526556408748755,7,0
942.8765736690832,14.272473699413156,20.869990796030855,2.410153492335824,7,0
881.7547868861722,15.662272311894787,26.255180855882543,0.6563864776365138,7,0
869.3650047058186,16.94995275081438,27.268950507515378,1.2593627810017378,7,0
928.8378332435877,15.512677170253859,23.579946111239465,2.942994712258777,7,0
917.7371793812,18.04797766305429,29.214696278658778,2.38240478253124,7,0
978.4723046713814,15.010051185376346,21.116365733049104,0.2301028376689469,7,0
889.2165899746823,18.91935848449158,29.05943561595472,2.0152040431897715,7,0
899.520928277934,18.221925552813982,28.561700331666124,0.8064102687606298,8,0
851.1895119067834,14.137862500081697,19.607755343433944,2.3544513133193132,8,0
820.2624001021296,17.617773296023156,28.678090646880975,2.2828149894439083,8,0
822.090548694362,16.084286092807943,26.503541829294473,3.0060069151479816,8,0
910.1805595976634,18.648385111093948,26.899638842200957,0.30859171325429746,8,0
842.9678501091859,15.612272707658438,24.073475774379077,1.4396368350663624,8,0
933.5266481941134,17.3842226390603,26.473524633087692,2.220132750235033,8,0
943.8126811417771,17.926002492330035,26.276530779185705,5.045182981973392,8,0
874.0182768028235,11.39734651691759,16.77976377172409,0.5779884958151622,8,0
950.3298539632179,13.213069269076364,21.231201589247146,5.071628273768124,8,0
891.6857903489041,17.29588183259548,28.350321027264815,1.651308460152582,8,0
926.2478652176118,16.851626782870486,25.592685368564695,5.1705302708721,8,0
870.9206740242022,19.198176238866246,25.91084152079702,4.903090828843246,8,0
917.0627883644812,17.678811813685257,29.034589812817895,0.2478707291890503,8,0
839.7584792691673,14.743008697869243,22.728378153936806,3.280528095484229,8,0
901.2422469199694,17.99720236988737,24.285307802099638,1.9966572239393594,8,0
856.8589881403848,15.893355051187967,25.06169296906893,2.44020431981898,8,0
868.9473005324512,16.986561935228753,23.20570846149362,2.2370937289904176,8,0
898.4301003600315,16.47691977402672,25.844331241818352,2.9126350432746024,8,0
879.1114622285472,18.23921905833064,27.98067262133957,0.010573356166893255,8,0
868.31991691031,14.7431559917208,21.09070090191763,2.2639858470962935,8,0
899.548586908624,15.388925280850057,22.590771865911584,2.4003601728659794,8,0
901.7590427239875,13.221136425529028,22.337015768768236,4.1703934822900806,8,0
813.4750191332544,21.995602526298985,28.535580739181515,1.0030122776588348,8,0
890.5289736854644,15.745685501870863,26.496927647854776,0.0,8,0
894.3587668236296,16.049215043977544,26.168738879695745,3.0393869222183185,8,0
836.8493231011979,15.498235306440142,21.725841049218914,1.3153342326369595,8,0
881.8015680119177,16.548006896464393,25.671683789652594,2.4055048420305307,8,0
812.9038854199987,16.986222368504208,25.995005525684498,4.793025874147119,8,0
923.002297111694,19.11663207620345,26.730612825144917,0.19330693388741027,8,0
855.531862817612,18.261237890902247,27.86045333049202,0.732034692302562,9,0
861.5570572799847,18.585401618566287,26.592484467730984,2.431544354984746,9,0
912.3094455816708,16.763879803167875,24.873831401084757,0.0,9,0
858.4714013019701,17.814256089149985,25.573491788474104,2.1867059984075534,9,0
887.956908978626,20.408272285574558,29.42612014630653,0.7978162956686514,9,0
821.9788986628629,17.937519661579007,22.94521620372388,0.7715930370347621,9,0
841.0114582232584,18.602282515462832,27.808836420532764,2.9579818531667947,9,0
808.0833741511898,13.936638657987334,19.77437574630435,1.4005819796002643,9,0
855.4876159207543,19.032317487305956,25.622896884249954,1.3500750840180729,9,0
905.1430839728625,18.515505842564885,29.207984296145668,2.57108229463515,9,0
872.9859970198097,20.573227760676176,27.163074132138046,0.3866767322140312,9,0
899.6061032204254,12.488461558357931,21.831572923022904,3.105016564345762,9,0
823.4333175471925,18.03143387835047,24.80383615816345,3.2025668890148578,9,0
829.4524094851274,17.72122589653076,29.690059088352182,3.7082532988946055,9,0
846.5128538669304,18.11974373403707,29.993046042962128,0.36845813412758055,9,0
888.4436938509216,16.675614318060276,23.99928837442394,2.1314215691769913,9,0
880.2571474833013,18.334081121839606,29.7152571131162,2.069688475456358,9,0
865.900585136859,19.297056156788273,30.671767325378966,4.138052500976482,9,0
891.9822741440016,17.959297412696717,24.388149899791365,3.900599315007229,9,0
861.6387757400555,17.258223490621166,24.88752407007036,2.451053122520266,9,0
867.5038565743911,17.3926057195406,23.71134529224716,0.39344610984937667,9,0
921.2806917005888,17.013176575540054,23.613430415616726,0.30577900059373997,9,0
846.411170145491,17.837670008427807,26.52260089095133,1.5524664563209165,9,0
877.995739529934,16.2884417133482,24.803858654706186,0.9296343123592261,9,0
936.044603578358,13.705889691758838,21.86809803060799,2.69283765883594,9,0
876.5728269897547,20.36100600824141,26.752903759730287,3.749653568106977,9,0
901.7398703144053,14.093260644378566,22.827389703064483,0.6436782279067927,9,0
850.2425558581183,17.32646797795559,28.952127733771317,0.5839586797464666,9,0
953.8534656382726,14.907551825898334,22.426547862402934,3.4530864157413905,9,0
786.7406608063509,16.8962426991035,26.708802853691353,2.6311743043921005,9,0
832.5364172958591,15.488588651230938,22.102682699898672,1.3729697549819064,10,0
836.9887311511807,17.280452621158428,27.547408492993902,2.1787460226454662,10,0
945.2173095379484,15.630170319365348,24.662641830306644,0.0,10,0
895.8562073763894,14.662138484974298,26.085420410770688,1.338974163747157,10,0
872.644434401307,17.815222680736145,23.361061998709012,1.7363824052726309,10,0
833.2961266653758,19.804411759680598,29.40035140933294,0.8265300249879508,10,0
900.6085193533145,17.765564229033302,25.715641771779755,6.113152274032331,10,0
892.1291993822156,17.226207677444698,24.812602811809263,6.077362826396847,10,0
861.4207169503682,14.835366728395364,22.167126612355915,0.5658452506276281,10,0
831.0967700127535,16.70462989427538,28.021677292127336,0.756294839770383,10,0
848.3121784808928,17.69274650645711,24.4609345634411,5.823973532768799,10,0
902.6694351731794,15.424257222958738,24.845142016599084,3.9844252202628754,10,0
908.3291185711508,18.450887378803685,23.634466320486162,6.761178901802751,10,0
900.6150310066719,16.492931774952112,28.236613166352583,2.3299773002458073,10,0
893.4708160097676,17.202355196502616,27.816417585326423,1.4327482164895327,10,0
830.67349092973,15.42017669209838,25.246799958664777,2.0245550156498195,10,0
905.3058102931836,15.35194063408493,23.983716169002854,4.166714533706073,10,0
864.0283842501244,16.687487053342807,24.20761353725503,1.3328512060831734,10,0
909.01833877419,16.930231129737,24.980046043411736,2.4119327756134457,10,0
928.007354862569,16.76596415093324,26.380597095145195,3.711606820033413,10,0
884.4739344409319,13.946455463724075,22.507609984583873,0.45822148783845806,10,0
872.7222011505561,14.420713988369037,25.67564204334217,2.4454003028746265,10,0
955.5693818011267,15.75242340994621,23.026070101639338,0.0,10,0
932.1159606037154,11.98498712177633,23.02736260114964,2.040131977421463,10,0
894.8367835321166,17.69106361565318,24.797309747244515,1.3905820101831865,10,0
802.5848554156283,16.135351052153318,22.150407828218626,3.724541778680402,10,0
922.9654837450739,15.482775613795358,21.373461344112577,4.004949483990364,10,0
952.4656760416754,13.872564374199467,20.73249444625599,2.973942625684236,10,0
974.5680446094183,16.837579169853573,28.257172142132433,3.0824394297569704,10,0
905.032304820937,14.545305279034146,25.14829268444974,1.8440348479059587,10,0
908.9009551449357,18.78478512685374,28.932299237170493,0.0,11,0
919.4153162140118,15.663307318725328,22.80872914923392,2.328961491501896,11,0
973.1910367057305,11.785475009692545,18.301333905560696,2.6171037505074177,11,0
895.2604752921258,16.112324794455432,23.64422958653151,3.3086790106502386,11,0
940.3408748123651,13.489946064550267,23.166547609724883,3.1229152393791537,11,0
910.4639022169068,13.390145003336945,19.52628383417695,3.7928521200184706,11,0
960.9035832344495,13.833862346609026,22.532461816022767,2.95791773929335,11,0
890.6716815598937,13.939730584536225,21.520524465893477,1.954866650956847,11,0
970.6315986103131,14.587142357950007,24.905384506472373,3.9187431801503156,11,0
938.4733535796804,15.488782968445422,24.996872663269997,0.45467876458268597,11,0
952.1588687390854,14.75222421122593,20.79698589991448,0.049583220429314956,11,0
984.9580774637144,12.273352269703718,19.436076072011755,0.7420066945944639,11,0
1012.5134903393147,10.897272880067051,21.552742685292657,1.7863339330922714,11,0
901.7392384457813,11.862609714989011,23.07256052191139,1.7527330767547817,11,0
1012.6425961881038,14.072168038318809,22.649742424076297,2.0366316619157927,11,0
997.7313916480157,14.961759200230365,25.751653567439874,1.9838935701965943,11,0
966.5444860914786,16.699171310200516,23.17341852612296,1.7002832001509034,11,0
1037.440567391154,10.278842537706188,18.121212910856183,0.21959856243200981,11,0
991.7955913187127,13.002710207488485,22.50691138232233,1.5106714079698422,11,0
1038.9757701716715,12.257060465103091,17.451287293284523,0.024277136127042187,11,0
966.5342931612097,11.780739399098463,20.487688739541245,2.328728451811986,11,0
958.6026703091485,12.730488066609237,23.699720192298393,0.0,11,0
1045.3004640858603,11.827050200356227,18.297437902944452,1.9928595444455757,11,0
1085.9440446152807,11.65792593653279,16.740388073083984,1.5450784496596688,11,0
1027.7989420576291,10.76493616116166,20.29861756193154,4.235100046057632,11,0
1041.183797338317,12.716952203130953,22.341159922612295,1.3699334424758955,11,1
989.6829696458923,13.902604418367329,20.601236881340714,1.238580058294673,11,0
958.7474233493215,14.924674428518474,22.209604197783626,3.3736304159520505,11,0
1005.8424277572466,10.471392350193138,17.879451843645356,2.3094028991646782,11,0
1078.0319439948644,9.279693016467771,14.863007823578098,4.057801773071429,11,0
946.7488797786647,10.72742143600607,20.936423934008225,2.770994728676606,0,0
1004.5113230546997,9.44609664436701,15.94661437460576,2.8099224313878284,0,0
950.9082112601076,13.038775003388519,23.44195298432218,2.664908417447922,0,0
1034.9933203519481,9.204717422554591,18.764397351372324,0.5390129311147203,0,0
1068.8114734287128,10.854878632371676,16.580886987221007,1.4106097249401248,0,0
987.3170545449954,7.882236936819934,18.11797480946396,1.8851912326844298,0,0
1023.8398981068036,9.732773768856973,15.739258072114248,0.9167734339402134,0,0
1096.438336743851,10.677202117639292,20.28508027405915,1.0020514481499512,0,0
1043.0654431834337,13.215553016078431,18.758775657300475,0.0,0,0
1000.2317144331143,8.633442100682052,17.698132151682245,3.1246029561897544,0,0
1000.3495742366156,10.620330499352825,18.7299238573311,2.760541124136739,0,0
975.6125041238366,5.586708015182357,14.255752699984292,1.1479008960250718,0,0
1090.3276770970722,7.190119929320593,17.430433490588143,2.7557900943067697,0,0
1032.7466632311475,7.837502116721588,18.005540142043586,0.9539205481875133,0,0
1107.8116598115548,8.330966592436335,13.649433660877042,0.7347830279937826,0,0
1103.6548211951422,10.052807616796738,16.195843778123795,2.8190222250803356,0,0
1045.7571154622906,10.316614021040293,22.190703443597634,3.6184246743126662,0,0
1054.2192946081188,5.6985983555446005,13.773849061257163,3.6739016783319807,0,0
1109.6555473635408,9.837796368482646,20.589464145751375,2.3315720244649283,0,0
1087.652695571517,6.411007624680282,15.265949538472226,2.124742685405373,0,0
1095.5459451064987,12.17552434037591,22.588293432830547,1.8598985111494022,0,0
1022.0971939917607,8.995382064750286,14.490944053711818,3.1199914166937335,0,0
1127.0272937865207,8.53897690389341,17.050034549302673,0.9443074388706132,0,0
1059.2328428861601,7.74471706696568,18.011278951746817,1.490821233040225,0,0
1006.5809234231253,7.897742894842967,15.80459828353251,3.737793823136513,0,0
1075.7865829925952,7.83522263161239,17.84212609537286,0.0,0,0
1120.4323179895853,6.315334176264127,17.132535554145946,1.6392057565839153,0,0
1190.5118782655657,9.057687584746109,19.7580497048025,2.3419373368102447,0,0
1094.7727634676419,7.97278638228621,14.410649818848206,0.16798132093291152,0,0
1059.5372747849426,8.800725204188973,20.151767478954135,2.1071740688054983,0,0
1200.693066278307,7.049875363348388,16.12558399598631,1.6586534197785938,1,0
1125.1712199140918,8.402835763802411,14.686496329755261,3.8228158189638677,1,1
1111.3035123811871,5.400258846561793,15.948758135018888,1.6928418693398632,1,0
1081.6799355490846,13.914830934163108,20.69533673450871,2.4813876056495765,1,0
1087.5087183747273,5.2400376345072335,12.569853257753772,2.4274353809826597,1,0
1189.7417555015218,5.643161840435796,13.5572022695224,1.7597654426981488,1,1
1122.671974650598,8.334648152084657,16.872567295099564,1.848340525440385,1,1
1114.8689294428596,8.752308515839589,14.959206180388671,3.1107662943744225,1,0
1118.84253746672,4.572335534088304,15.52240936977779,4.095790692070916,1,1
1204.786723744643,2.716598991899982,13.455454136380528,1.3987933565952198,1,0
1121.3030518942662,3.125551815505611,10.260104638625679,1.4140549451419349,1,0
1172.7871538227946,3.815527800877908,15.607444564860737,0.85143589870663,1,0
1161.0604853164286,4.114620027807902,9.527234657327293,1.3937849844515604,1,0
1162.7115655457135,5.237871190790018,11.093295811289096,0.7263562379570989,1,0
1120.7483052881614,7.510684653990161,17.872873999372267,2.0980428139419036,1,0
1184.8484856513564,7.49669205329407,14.194523780467328,2.0578880404565547,1,0
1225.4893298381012,4.001725077121699,10.461930398196369,1.248329171820032,1,0
1161.6634586394073,6.190923471689291,11.347690119940985,1.2897523831372608,1,0
1129.5360060443265,6.765272674006802,14.068366304009597,4.961837070149,1,0
1117.2134673229502,7.700882004906156,13.226132252465277,2.8262481988730643,1,0
1179.006514562736,4.466780546265676,13.930964211774233,2.3432545699612204,1,1
1162.9739589724873,3.192747994164459,8.236458082266076,4.285778047749281,1,0
1172.1192693660075,6.073353410756243,14.129567784643385,0.3466819699749273,1,0
1179.1729921732222,7.5018227896798,18.70065296274905,1.8456900909810114,1,0
1122.0449918074205,3.3218925063380285,12.274377763301871,3.7645413947235165,1,0
1214.661907818613,8.168293514918322,15.475673040954899,2.7149660221302927,1,0
1195.0709142199232,7.611148968757397,13.36978574435681,2.8256000965570305,1,0
1184.9712819358424,3.552094043279658,15.232298007925866,2.1259784606660967,1,0
1199.4493520203089,0.8463898796723455,5.97484377879808,2.1794251924191443,1,0
1229.400691301531,2.697020261631958,11.195182755728748,4.327556515150027,1,0
1196.632031202117,3.095629125419838,10.675598263781197,4.811801278657354,2,0
1162.5853109475136,4.773822443091167,15.155580840285019,1.53036505183104,2,0
1245.3025790321865,0.2823646382375995,9.414585418036719,1.6143615350357685,2,0
1183.337264374531,8.400020056386296,19.969367667328648,0.3218476171188729,2,0
1173.626195167963,8.135601264143595,19.798959712116254,1.7307778916204586,2,0
1142.0971968099252,1.925737615148609,12.016431090854509,0.8381875445478255,2,0
1206.7823797683777,-0.43055648557457404,7.904909671116711,2.0144427648753838,2,0
1166.4049650048128,2.876194696266214,11.613426450833423,3.3105781719323275,2,0
1189.3459929296562,3.9867831897040693,15.418839096448455,1.364168611778134,2,0
1229.8385741478419,5.757307629822988,15.90941435099641,2.3587506153463065,2,0
1214.908307721109,4.4161990962876745,14.657489439687694,1.0844551401430886,2,0
1255.893632958715,2.5188626536697325,14.097344346500268,2.9693838661285707,2,0
1229.0659987567344,-1.0820317262506869,6.527346668650606,2.666023308836315,2,0
1202.2763338482011,3.8095410757304102,14.621740028012654,0.9920618090179056,2,0
1206.7685325750397,4.410400611227145,14.686780212997277,0.20788080971518896,2,0
1201.1385977838468,2.042561583448383,9.72842583885436,2.3743823719146673,2,0
1248.717337651056,3.15323372106362,13.438595696787614,0.0,2,0
1225.1016935028078,2.953015741195001,8.701515656394257,2.0732405202063426,2,0
1209.138014897325,2.00422561666069,7.1294371433124315,2.7271768700310473,2,0
1260.6544276177913,0.1258311845833413,11.24315823195748,0.0,2,0
1231.9421417116364,3.0717113018201747,14.911830480048549,1.8808749007722425,2,0
1210.6526771484482,-0.4974923626092145,7.531903895248217,2.479640266782073,2,0
1169.911456478718,5.0958514769603855,12.824167523640279,2.6587981121408806,2,0
1248.9890467450473,0.451352997083855,7.0385848889473746,0.6437909230958114,2,0
1242.0706139472438,3.19159243987014,14.74932289494208,2.479005613122756,2,0
1235.5566099078292,0.7057524875320613,7.528686981218737,2.5158827769244656,2,0
1217.070546143891,2.8878098100344918,12.410256355480884,2.6492819741653024,2,0
1201.9720815084174,1.672658939973802,12.381830478413844,1.6025857180643541,2,0
1227.0701643603106,3.1272247201749472,11.297857179635741,3.1951125498510446,2,0
1246.169744612398,0.4498674141479919,12.154805726378598,3.4522317324783867,2,0
1232.5211296991297,-1.2573428235010615,6.302099390169033,4.855820999429783,3,0
1232.5168239822447,1.4151928456801008,11.851014143737263,2.3032839925561674,3,0
1220.1958766402045,1.2512466652393512,7.7509309559489115,2.35683576170621,3,0
1253.0440470251285,-1.0751939393763306,7.292388672142819,1.8264778916555882,3,0
1249.3450422146102,0.5341314542625728,10.4251064169847,4.091467818971805,3,0
1210.3627723514544,-1.4489489348957267,5.321010159744215,1.2470560738472996,3,0
1271.275994666744,2.1132486006022395,12.94601358441551,2.039729534360683,3,0
1272.87276500615,1.1246975905970356,12.706001099131838,3.520956815734775,3,0
1274.0621977597584,1.8927714883773954,8.916504804905241,2.607190945405304,3,0
1236.5391601301958,7.062066361083205,15.521285340910897,2.3356191794795875,3,0
1234.191877775496,2.169271860780354,7.28716497835731,2.210095566585485,3,0
1195.7314981985905,2.598151093670806,10.428403726433913,2.375073653518915,3,0
1272.3714078701673,3.105861986821754,12.288153275913704,2.399231643062926,3,0
1156.7866140467377,1.5760878532004994,7.709139399798573,3.648228688625147,3,0
1226.5599856961444,0.677453864249278,12.521668104625062,3.006830369316354,3,0
1228.5314723278295,3.6233471113602986,9.851761909198508,0.22287234810277856,3,0
1276.2473506395165,3.935476191639644,12.477029330668943,0.58506354409032,3,0
1241.7944288539954,-3.9436345296646182,1.1222436656959287,3.4400833389366436,3,0
1203.0074664786405,1.579410532429259,8.666525224004122,4.066557702291836,3,0
1184.2299129123978,1.2411297498288363,11.866505055055704,2.172425233712626,3,0
1211.796618698354,0.8104210780467496,8.666837516152784,1.0924963165204713,3,0
1244.83503549827,4.444484025595079,15.443060846894118,3.8961301385129268,3,0
1242.3286487172677,0.9149148967764666,11.651035597497708,3.015394081752019,3,0
1231.7254292933178,3.7374799473225306,11.77654576908722,2.539830094144358,3,0
1211.7087315097212,0.9524296447332021,7.043589791942118,0.32607929171027483,3,0
1230.076048669262,1.253689761817192,11.921186262785662,0.69451439305768,3,0
1277.7393186228992,3.559093984078924,15.00538376816651,0.0,3,0
1193.107560388003,0.6613287759326074,7.368249231758022,1.747995715311723,3,0
1237.714939630781,1.8516877757545012,7.377297239507039,2.755603895201274,3,0
1300.305348174123,0.008648833780656506,10.919463000589362,1.020344482956402,3,0
1256.878217206419,0.48700454279348704,9.744796265277108,0.0,4,0
1215.5595809663191,3.746478026375425,10.565022827005784,1.4191686117557745,4,0
1259.277520032552,3.518254855804916,9.72470110934469,1.3773004827858757,4,0
1201.7493389635654,0.11022545938530692,8.58895594098217,0.6049340614380918,4,0
1231.0542375590617,0.08180867815564197,11.57169362301017,2.6989639949538797,4,0
1291.8264605473146,7.594772708107891,13.764890434123377,3.816450384174876,4,0
1304.2742775577062,1.2722183943933778,11.328021633934986,2.7600684292499285,4,0
1158.9588589720167,0.8731565594998696,7.644641819022697,2.8214904866185346,4,0
1254.053766878766,3.6991243050606317,12.840896562006108,0.6051590836478669,4,0
1302.6948200336506,1.1857272115724178,9.303732266457613,2.9579520497418725,4,0
1201.5886362820233,2.0707841066573067,11.035691901706578,1.8537860274660893,4,0
1232.3667625309236,4.653047961196169,10.599313028056153,1.9074345992269774,4,0
1280.8552046274033,4.9315777365150435,15.972446139468877,0.0549744562831318,4,0
1199.377156677494,2.6118402775995273,14.504518797569244,2.3989664551168604,4,0
1235.6257946059686,5.761156706363939,14.239084173503535,0.8880748044893896,4,0
1213.598326044029,2.865232469524815,10.687743019676024,3.677526530183658,4,0
1137.3290883577888,2.7494865946787117,13.280402270377273,1.3075587195583105,4,0
1226.5217038724818,3.2952324877499253,9.473081024936903,0.0,4,0
1203.6015973239141,2.7742984121248697,8.266377633943106,1.237551744558413,4,0
1246.3381665756992,4.523538122978719,14.537230088862707,1.1679873964652456,4,0
1291.1524617763137,4.119377688175582,12.94456814848028,1.0906782172041896,4,0
1232.9347871778123,2.0910990759461683,11.514545777314373,1.9103931857584406,4,0
1189.0040558364237,4.088627031239092,9.290640578404926,2.024252352786205,4,0
1219.7860681013242,2.7351834263443604,13.779262443092065,1.8674180361988773,4,0
1207.8912252476653,2.7548496147664476,12.427366042007149,2.6848055126198362,4,0
1238.739571948306,3.724588707609607,9.509158991203952,1.7993815430833102,4,0
1138.2303327081243,6.134443201482057,15.761360974287802,0.0,4,0
1147.0519503336884,4.747458611198308,16.60777369975778,3.012999564126079,4,0
1109.7833196520037,6.828815743804382,13.629920993566003,2.2532936129173757,4,0
1213.7225954893397,7.5172797431199125,19.1241031570435,1.5380268800327799,4,0
1186.4912288066694,4.426974227101844,16.145644247490267,0.0,5,0
1159.4226292610133,3.3882476155982277,14.279100327379803,0.9907416443701034,5,0
1153.7599703534033,3.1288493839256466,11.549719919956349,0.14355117791507954,5,0
1157.5896573203474,5.366445296132937,13.489567896640112,1.8451996185733348,5,0
1141.0385995880845,6.648966296372396,14.18220098264776,0.09753558894092551,5,0
1162.9362671635138,8.192148145899065,18.693517560303302,3.8433178024627543,5,0
1153.6327130494806,2.524307611191373,8.58052972852114,2.205628850599992,5,0
1226.5779782065651,7.0971547352303395,15.828191521169217,2.821818099651024,5,0
1181.4583611695455,7.50679302443206,16.332989124514263,1.2297253257160012,5,0
1133.3023769546896,10.354168204108339,21.872459983460196,0.0,5,0
1140.175963820267,5.973433147148004,17.333376745440532,4.8089806946529805,5,0
1208.948840782988,5.653872784280564,14.03261009134925,3.860966166438026,5,0
1176.5206203390646,2.7997291887137257,11.98653708858555,1.4608742763844604,5,0
1167.6363910391228,4.402202168158501,14.350288076250505,2.604037665161277,5,0
1182.0345797545392,3.8724926151056827,12.675303469876686,4.3239163289358,5,0
1214.0077347039107,4.183230613072024,11.166727973235623,3.2677648355995332,5,0
1099.2006110783373,4.5286491129822535,10.642005801626407,0.673608515362558,5,0
1115.373080400472,3.3864349149317463,12.32601296348061,1.5044622994864638,5,0
1072.8592861376883,6.39353313919966,14.451459283687871,3.9290798811444785,5,0
1159.5414886956667,7.478038850054803,14.37063621576555,4.639417238421867,5,0
1121.8346980895178,8.356634226457158,15.768572110340653,2.8485606708009006,5,0
1107.3344290855262,6.772282259303335,12.069440845284577,2.256289354222814,5,0
1100.9210651982116,9.205964944672232,18.091342944947414,3.38783298051077,5,0
1156.2477868117364,9.355960842591855,14.889868436432845,2.9819494530495954,5,0
1120.0760588932674,4.320820668895602,10.065949872257232,4.877674389909128,5,0
1101.6874157538584,6.942240090752031,17.34693753447954,1.9705838793108474,5,0
1170.2559439338017,5.122668285829376,10.883481572722424,1.9243466850007866,5,1
1075.3168713812029,5.796334713194001,15.685983471060968,1.416679595647353,5,0
1063.6888268839411,8.255982296641314,16.682904907631958,4.220152953477209,5,0
1215.1408371533323,7.771736147694967,14.474153465113684,1.3332139271578582,5,0
1093.7244960500886,11.084566766271005,20.08093169628011,2.643748785412871,6,0
1083.7622692379784,12.387746774564206,21.042110505780933,1.6692838047140224,6,0
1073.461171291846,9.270024516159847,20.643445979746698,3.547708120228365,6,0
1094.12946317683,8.183702793567262,19.93500361374175,3.357477173305542,6,0
1127.9536147457104,8.412648567657648,16.667633501278573,2.0362006029178246,6,0
1123.8131937441747,8.818895103711826,16.372003022580365,3.121436775570462,6,0
1112.4609319558747,10.124614365916353,19.22823345519903,1.528737548564039,6,0
1076.5725213285962,7.649831854961729,13.435547628173797,2.0045400773810256,6,0
1025.1266147497108,10.423220797296153,19.117691400567395,4.1817538004665264,6,0
1093.0566243089008,8.906796992104791,14.606963937584904,2.933279484709369,6,0
1139.4958895923146,11.649215324193106,18.575634840742413,0.22364928599659395,6,0
1118.5184642321694,12.397286147766588,22.703972044170726,1.6567612669678626,6,0
1066.0189288821095,13.28543930325245,23.677833401465527,1.018750627769726,6,0
1101.8522443420616,9.637821991758148,17.977543851464453,2.6563940637173156,6,0
1051.3330007334341,7.388911682544528,19.13567481211944,0.7418604217213902,6,0
1061.5500753666543,6.85785565475012,12.92001333840342,1.177612985633401,6,0
1011.3870132612059,9.781546650589828,16.97066350112722,3.51288149378583,6,0
1045.1533148863766,7.670653026396046,16.817930422390955,0.0,6,0
1060.406003321368,7.350166058999722,15.471180605677066,3.777150739136979,6,0
1045.0396963985063,10.076257326349001,19.614446500925908,1.5655327073191558,6,0
1079.6238529901577,8.948464744242248,14.568650820357238,2.7881299144770075,6,0
1121.2031086147588,12.43460433403228,22.46907714189382,2.671034867110352,6,0
1095.7602436031777,15.06960896639212,21.209695832112025,0.20606124198718723,6,0
1027.7439047820699,10.878493774206897,17.77111160183643,3.027612826340407,6,0
1007.7515591621551,12.094160849490248,18.351471544842052,0.8259445192849948,6,0
1007.9598489728166,8.449787178727831,18.4927057893409,2.282376492049423,6,0
992.0330201902716,12.102270708577322,17.380539061970364,0.0,6,0
1029.5965422831175,10.472693131998643,22.312244160007115,3.6759824339523526,6,0
1042.1849580376656,9.810554248037839,17.425248833566183,2.1692025521202654,6,0
1029.7800584876825,8.419336365294757,15.047963181716998,1.7152976140458187,6,0
1027.3376927157924,15.474345590669792,22.75830062189752,3.160273442056333,7,0
1023.0687403423175,9.179994574838371,17.649897859231373,2.763781181373919,7,0
1008.6243091701148,10.120806786889956,16.73165003691036,4.066688624397135,7,0
981.3955342592793,12.6879514231682,23.020354098997128,2.079102146441941,7,0
1077.2773643177807,13.376218984617992,23.663470561681425,2.1270982872517323,7,0
1047.4138325485715,13.513252319058147,22.916969279960853,3.0921302869018716,7,0
966.4235161017092,13.273605973327097,24.616149727839925,3.1013702364982247,7,0
963.806264689531,11.399112512472573,21.454612369341177,2.2557897527437683,7,0
973.8491257744797,14.845926380418913,20.968697542345478,3.481935455680823,7,0
995.9277684367722,13.82187896958002,20.672837553083546,0.5481221445623836,7,0
1042.2986379220868,10.657030127872915,18.99263778175284,3.45731621906779,7,0
1029.8851577782286,16.88764590924329,24.05308619746657,3.862964205149279,7,0
1029.3809269620451,13.121662018408035,20.895392653319703,0.20312077407251294,7,0
1027.5898433477003,15.822746403614206,24.14458982245357,3.158717118351876,7,0
1025.7648631771078,11.136156305219336,21.622430809653977,2.3797544232303016,7,0
1008.4361748440228,11.784598965805673,20.591167698087922,3.2375586788982837,7,0
994.6368663696902,13.134534031194253,23.998630296776383,0.4398519665172822,7,0
969.2117637899773,13.013872424790037,22.26993158222416,1.1232449842030008,7,0
901.7702633809009,16.53706437144911,21.589445294495555,0.0,7,0
963.9297680857469,11.377636972835704,23.291505805154472,2.2256964460980098,7,0
1038.7867777723184,15.065297689287947,21.093078032404865,2.357693485747956,7,0
942.750118538328,12.818136527885883,20.587291680873207,2.6841742166147458,7,0
936.9949593813941,15.988516050702453,21.12411826070293,5.202880710522188,7,0
1000.4267726120216,15.47752635660914,24.15235148476819,0.45593735908996047,7,0
960.6968487453631,14.065464732814679,23.809494528911188,0.8595426605396748,7,0
936.0463842432098,19.717347157392993,26.732269462270253,1.9579680350512372,7,0
1015.3673118907603,15.283407443494815,26.782517263833675,4.815754291837845,7,0
975.8756130754634,17.667828332812206,23.71751798110671,0.12756829184940432,7,0
979.0980675663698,12.918434133543807,24.558456439912316,3.0014605194480195,7,0
924.1351391966139,15.423529581658887,25.927033859778398,2.0148039995837106,7,0
964.5617086353988,15.94507360209983,22.010386340404587,2.8469315803805224,8,0
957.7397553190034,16.139270404850233,21.86011367086858,0.0,8,0
971.8030914304455,15.265629623780558,20.728646577709558,3.3165272592093005,8,0
984.7668355041557,14.387373591600172,23.433238998734815,1.5716475625817872,8,0
981.9638129208834,9.946584079935246,16.702653602465524,1.9180259561587156,8,0
941.902658679854,15.084854297824462,26.883062089125374,3.29050810812662,8,0
960.8670576264095,14.470864301462779,20.27844226829338,1.6402921744608248,8,0
885.730487793498,15.877888104526443,26.531852918105294,0.004328805344538944,8,0
955.567635328601,18.189220612262496,25.818170357920124,1.2481207065045772,8,0
955.5288432886786,20.98604748264393,26.087123118061598,3.7690466944921908,8,0
910.9792444356558,17.692977618145758,27.845279614581347,2.1486465225327644,8,0
894.0052558045159,18.73912771989893,27.851309677999723,0.354625624851153,8,0
921.0717167412098,18.039166159147968,24.646684030015503,6.903899667153049,8,0
873.3962923516791,18.306502735350914,25.79505377165696,0.0,8,0
934.1280902235698,18.10312939463624,24.153503728052055,2.639321910979234,8,0
930.8858496220448,16.466721811886256,22.409492073476812,1.6102748439026464,8,0
879.8069772793666,16.40785647349615,25.393984217418883,3.0886045512820663,8,0
918.3516317839977,17.784190097345615,26.56041897091027,0.5014982445824812,8,0
957.904462691627,20.783526149908592,27.206089362627385,2.196826195746585,8,1
956.4955734295821,18.810475024577574,25.89222578764109,1.2054080922893855,8,0
953.2565873019925,20.524052672732733,32.49492970358544,1.8067910498286566,8,0
905.7132712556378,14.768380432459175,22.23999138205649,3.7107243180489737,8,0
897.1443580487905,17.94448616257365,26.356701218042392,2.9952051730454423,8,0
894.0268422342181,18.26329193034957,24.378888144284883,1.7391658844201823,8,0
932.4101826578667,18.556392557927758,23.728545668594748,0.0,8,0
1001.869607618202,14.812206347014078,24.097008288156594,1.571426005830551,8,0
963.1375888928709,13.915643434885764,20.60359626960364,1.261062445221639,8,0
969.5617084493024,13.395783798941022,23.59786046514766,0.0,8,0
959.371480575231,16.885698692442297,23.50509618916488,2.6545343903234366,8,0
840.1606024819696,22.411485561249663,29.992986490306365,2.6335624783227454,8,0
895.9899545157598,18.191621861151894,27.72394027423637,1.5662662916360168,9,0
886.112326955765,15.365912917900664,25.20622284303218,0.0,9,0
952.8526440411781,18.4967085862717,25.90421958283054,1.4360091702460571,9,0
969.9086525056623,17.242564557374745,27.331709071477132,0.019295106923757466,9,0
875.3726221555385,18.213197141434648,27.15161600276558,1.64075621839006,9,0
903.0844478458596,16.990600666284905,27.695991705812993,2.8308844323167275,9,0
923.4865297521161,15.325137910883642,25.626850404112126,0.0,9,0
881.3755043108893,16.870363405930206,27.621712179453265,2.362657038805164,9,0
875.540175917823,19.37856698616986,26.22932668555088,1.353700796833172,9,0
873.4038281691213,18.573148596016892,24.142139336290047,0.6817440940628514,9,0
935.7704291845404,20.42082418279054,25.440512043433408,4.438036854239353,9,0
863.93692132152,15.845480879005395,23.15781623548264,1.5743500790879525,9,1
945.6943663592499,20.094093223861996,27.991532708256198,4.0667582711010954,9,0
903.7890521748591,18.12585154473857,24.98359079085205,1.4598614305310207,9,0
930.4683648101465,18.39471610481669,24.515537938396005,0.4390061823249627,9,0
962.3431861070263,20.5045228613065,28.495099107977207,3.337038861543914,9,0
873.9779329351469,17.749064710425614,24.88807315159328,0.8678326379868748,9,0
868.3144964722521,18.51801618181738,23.74212349186787,1.6442837456607502,9,0
918.3508796486824,19.282574336694235,30.141408357743014,3.589364590932352,9,0
860.3690080699507,19.29144572411865,27.92969698012423,2.4442912593137724,9,0
872.8397426708785,19.613429668545212,25.839108818834546,3.7790597073030523,9,0
897.9610083805673,20.556574002709425,27.866732422133307,0.44066463878058726,9,0
909.2864610932289,19.019408388266523,28.051661962273478,1.5392776772206553,9,0
853.8421949097883,17.063089283076742,22.741731049860977,3.93202275207226,9,0
888.9098305616338,22.820494200241004,31.45744351730821,0.9479523059329118,9,0
928.1611792451864,17.840705020540003,27.996775097070383,1.3964975154227084,9,0
959.307067988567,18.63417269278139,24.78282970199765,1.67816883060747,9,0
827.9873604020341,16.358339858164005,24.920814473394966,2.7564887563123732,9,0
959.3396266253012,13.457319783496388,24.731499112845952,1.6791407344304106,9,0
943.264357441725,16.233952527248952,26.15915544424724,5.088536258077077,9,0
865.6871555685113,17.8841881927024,26.01393620367409,1.314168427887632,10,0
851.3066723716543,18.77850814022984,23.955692998515577,3.3734097170888635,10,0
927.666128466612,17.73248945725254,29.249577129581333,1.2987462001175614,10,0
895.3573775261909,19.223096625560146,31.09538398140765,3.3781221743922636,10,0
918.6542080896223,19.570947577609473,30.058550226135516,1.0469573739413922,10,0
948.7372937753519,19.517554383268727,26.122524688838464,0.0,10,0
900.8070658685906,17.501395799588124,26.579947133516637,2.9367341505338103,10,0
923.3976204153533,17.607919191017157,28.23533710916984,3.7588291261625484,10,0
937.1995848263616,16.95893547684465,25.678326272315065,1.660233941366466,10,1
955.0727213318288,15.58440556257678,27.375013526858016,0.0,10,0
991.2746047178131,20.12678567417888,29.302200582709474,3.04171144918439,10,0
990.3233056368912,14.730036421590537,19.77097189680137,1.121195734379112,10,0
933.6767798781186,17.00710618123321,24.087772354562116,1.4435884954648912,10,0
916.2307570882847,17.539235452694165,29.509261977553408,3.311106687429104,10,0
1021.7930465964537,12.740803535615981,24.606830400969898,2.0171419894278397,10,0
954.4359719287194,18.436421378519075,29.896608877994268,2.930414145389559,10,0
947.6569589677148,16.178468090085136,22.6176396315279,1.325288892714775,10,0
888.5533857177148,17.253995545888245,24.03290878805481,1.8495287857702882,10,0
965.1982361542582,16.06842724911583,25.304862987729233,3.338411250237075,10,0
905.111222180513,13.584729316440987,18.827843212217207,1.3723133163708496,10,0
919.7020285380175,16.96715392774161,28.204577882161985,2.519514754232783,10,0
886.7173009981418,16.70404608765043,25.132801918313493,2.2654318717076105,10,0
921.1913715934313,18.40476876414219,28.521660452804177,3.022610313817577,10,0
946.3348840794324,17.275074938785075,26.56949018643534,2.0780499267236276,10,0
886.2057192649415,12.872779093349404,20.39894466605984,2.166811548692781,10,0
912.3982489205125,18.3527602771139,29.673292483308334,4.450186436933395,10,0
947.0531079726396,17.652158791504466,24.36337690554255,2.452852498712087,10,0
902.0753946005058,17.500126933711044,26.086136299898516,2.15084797986427,10,0
904.7197059986878,16.845196346111916,24.7902673855665,0.0,10,0
923.7064128678367,14.368343062964,24.397354601818762,0.8789286471045514,10,0
903.1003806980879,16.746907719055688,26.69822419215788,5.1569354030857095,11,0
985.8937461425262,14.853768977905412,23.01219315012726,3.7772199415433962,11,0
924.2646453792627,21.2441650586442,28.557486666480735,1.6040514046031444,11,0
996.8428569965848,14.905293524798521,21.365249553767182,2.4703775646387225,11,0
1005.4832359656688,13.056449722548336,18.384159247955335,0.9063707416509492,11,1
923.4360766148787,14.488997900889188,22.569676719814808,0.6679219193940276,11,0
975.2624259626136,17.94257169092681,22.961966933063806,0.38444208470387853,11,0
957.1167413948489,13.813789326790253,21.28534811874437,0.9280891541096143,11,0
933.467138069173,9.956894542390595,21.736486238081028,0.5806779499837877,11,0
968.0295981909782,17.67077622313191,27.238250309519174,2.821369078441373,11,0
974.3875479554077,15.275057840932295,23.171356094998618,2.206360372292232,11,0
1014.9892450154834,13.51412606485497,25.1250954526452,3.595871496277341,11,0
1030.2239897879485,15.820141287041947,27.786318518152726,2.3148197266531323,11,0
948.2460521781275,12.428352065447175,22.864806707815532,2.2084355066068513,11,0
978.661723338107,11.809863079346446,18.939541217639675,2.3105733349207664,11,0
1018.765188379804,15.94175667349706,27.14278567766504,3.1564847400129725,11,0
1047.3803395564523,12.885154446020415,23.42152863677132,0.4691629795286878,11,0
905.8973883905371,14.857370492197019,24.40256167764454,3.2999597142502566,11,0
1057.105205142287,13.697073076395249,21.97868092246979,1.9813537690095986,11,0
1002.305891957717,15.216150217537216,22.102401850993267,0.0,11,0
1073.0325361853806,13.641433484448806,20.725732464765972,1.6622009655238796,11,0
997.9323007524823,9.200470401058759,17.826673166600095,0.0,11,0
984.6365125519031,14.534212169367198,23.06699614712433,0.09067831864992071,11,0
1022.5440798893261,12.095243486817784,20.26270727713632,0.0,11,0
1070.401464243535,14.681163177798208,25.24981268788153,0.02810065225998315,11,0
1027.9702638800595,13.011953918343785,19.7578639002975,1.3671236794443202,11,0
935.6944227459023,15.503813285845762,21.36680579000974,0.5487639030437048,11,0
1060.1196470918942,11.896298049677979,18.096187435810684,3.1009260301307062,11,0
971.6332771118489,8.279239567980158,17.6189630499126,1.2282256475459985,11,0
999.8924455605134,11.619858816402187,16.843648211516065,1.0711968311420366,11,0
995.6651282917707,13.156802226711005,20.338807495891118,1.277054857199527,0,0
971.7601125269923,11.309818815960442,17.503712222259303,2.058933610466817,0,0
998.2376493508417,10.924178136032381,16.1125312079203,0.08146400808228371,0,0
1011.9473574869701,14.673128095217818,26.276690030128176,3.567792571687208,0,0
1030.069959473477,11.285772168753633,18.83351871179566,3.492686861776497,0,1
1055.5370583332806,13.560751464921562,24.867705517158477,0.09276760593439626,0,0
1047.46512016915,11.614686142387674,19.985477096732872,1.3038501383577898,0,0
1004.7736625127657,8.288642254131515,20.079130763581382,2.5292004046825687,0,0
1059.8949416153162,9.162504651885344,15.136170464540404,0.0,0,0
1109.251154566594,10.279469781491693,17.877502276081103,0.0,0,0
1111.454765418881,11.384946180713014,18.12509592379884,3.252619281578123,0,0
1082.1016545157747,9.009957468099188,19.252729825042817,1.2973788237041042,0,0
1104.6839441690413,7.665979848947948,14.367462186634533,1.5323709206175335,0,0
1118.794486124334,8.326235733552696,17.24375875700444,1.3106441989728514,0,0
1140.7676990859338,9.173667799229566,15.496844634545191,3.594696437575923,0,0
